{
  "teachers": [
    {
      "id": 1746651021373,
      "name": "حسين محمد 2026",
      "subject": "مدرس مادة الفيزياء",
      "image": "https://i.imghippo.com/files/CSX1578LA.png",
      "classes": [
        {
          "name": "الفصل الاول: المتسعات",
          "lectures": [
            {
              "title": "أساسيات الفيزياء",
              "description": "مقدمة أساسية في الفيزياء",
              "url": "https://iframe.mediadelivery.net/embed/215061/7f2873a8-c450-4db3-819a-1cfc518c23f8"
            },
            {
              "title": "📚 أساس عمل المتسعة",
              "description": "كيف تعمل المتسعة؟",
              "url": "https://iframe.mediadelivery.net/embed/215061/623af7df-e18e-49a5-a140-5db6238d2d0b"
            },
            {
              "title": "📚 أشكال المتسعات",
              "description": "أنواع وأشكال المتسعات في الفيزياء",
              "url": "https://iframe.mediadelivery.net/embed/215061/b1e8199a-1e73-41f2-817b-195170e3fb2a"
            },
            {
              "title": "📚 عوازل المتسعات",
              "description": "استخدام العوازل في المتسعات",
              "url": "https://iframe.mediadelivery.net/embed/215061/c1c1be8d-4121-43a3-98d7-e251226d320e"
            },
            {
              "title": "📚 المتسعة بوجود العازل",
              "description": "شرح شامل للمتسعة مع العازل",
              "url": "https://iframe.mediadelivery.net/embed/215061/b9071139-ffe3-403c-aea5-ee3b00e403eb"
            },
            {
              "title": "📚 قوانين المتسعة الواحدة بوجود العازل الكهربائي",
              "description": "القوانين الأساسية للمتسعة بوجود العازل",
              "url": "https://iframe.mediadelivery.net/embed/215061/e245ad79-ba95-4afe-8b4d-1ec2fe769cd0"
            },
            {
              "title": "📚 المتسعة الواحدة بوجود العازل الكهربائي (الجزء الثاني)",
              "description": "استكمال شرح القوانين والتطبيقات",
              "url": "https://iframe.mediadelivery.net/embed/215061/117aec35-b995-41d3-8c1d-d24f813d3eef"
            },
            {
              "title": "📚 المتسعة الواحدة بوجود العازل الكهربائي (الجزء الثالث)",
              "description": "استكمال الجزء الأخير من القوانين",
              "url": "https://iframe.mediadelivery.net/embed/215061/29ff00cc-3930-4027-b6e6-08b1de32b7fe"
            },
            {
              "title": "📚 المتسعة الواحدة بوجود العازل الكهربائي (الواجبات)",
              "description": "تدريبات وأسئلة للطلاب",
              "url": "https://iframe.mediadelivery.net/embed/215061/82e1e202-452a-431a-b9d6-3a98b3cb7e0c"
            },
            {
              "title": "📚 المتسعة الواحدة بوجود العازل الكهربائي (الإثرائيات)",
              "description": "معلومات إضافية ومراجعة متقدمة",
              "url": "https://iframe.mediadelivery.net/embed/215061/5e13260c-c8d1-4619-b726-a08375c2ebbc"
            }
          ]
        }
      ]
    },
    {
      "id": 1746651198934,
      "name": "حيدر عبدالائمة 2026",
      "subject": "مدرس مادة الرياضيات",
      "image": "https://i.imghippo.com/files/He2022.png",
      "classes": [
        {
          "name": "الفصل الاول: الاعداد المركبة",
          "lectures": [
            {
              "title": "المحاضرة التعريفية",
              "description": "مقدمة للمادة وأهميتها",
              "url": "https://iframe.mediadelivery.net/embed/215061/53e98122-e177-4b9b-a06c-525b9da6d895"
            },
            {
              "title": "📚 المحاضرة الأولى (مقدمة عن الأعداد المركبة)",
              "description": "تعريف الأعداد المركبة وأهم خصائصها",
              "url": "https://iframe.mediadelivery.net/embed/215061/cd2d15a6-156b-420e-9f31-4efbdfb85ba3"
            },
            {
              "title": "📚 المحاضرة الثانية (أسس الأعداد المركبة)",
              "description": "مقدمة في الأسس المستخدمة في الحسابات المركبة",
              "url": "https://iframe.mediadelivery.net/embed/215061/27af24cb-6ef1-4f16-9d74-320dc8915bf9"
            },
            {
              "title": "📚 المحاضرة الثالثة (العدد المركب)",
              "description": "شرح تفصيلي للعدد المركب وصيغته",
              "url": "https://iframe.mediadelivery.net/embed/215061/73a0ef12-89ba-482a-88e3-e8bbe90d40f7"
            },
            {
              "title": "📚 المحاضرة الرابعة (ضرب الأعداد المركبة)",
              "description": "طريقة ضرب عددين مركبين وتبسيط الناتج",
              "url": "https://iframe.mediadelivery.net/embed/215061/5d58ba54-c960-4fae-b0e6-a92561185627"
            },
            {
              "title": "📚 المحاضرة الخامسة (مرافق العدد المركب)",
              "description": "استخدام المرافق في تبسيط الكسر المركب",
              "url": "https://iframe.mediadelivery.net/embed/215061/fc69f7eb-d36b-4946-b027-d85a041229a8"
            },
            {
              "title": "📚 المحاضرة السادسة (تبسيط العدد المركب)",
              "description": "طرق تبسيط الأعداد المركبة",
              "url": "https://iframe.mediadelivery.net/embed/215061/ee5dbccd-ec8d-41c2-ba0c-366d78d3cb16"
            },
            {
              "title": "📚 المحاضرة السابعة (تبسيط العدد المركب الجزء الثاني)",
              "description": "استمرار في تبسيط الأعداد المركبة",
              "url": "https://iframe.mediadelivery.net/embed/215061/18b7dd60-0da0-4d4a-9285-e4f81bf41eea"
            },
            {
              "title": "📚 المحاضرة الثامنة (إيجاد الثوابت X,Y)",
              "description": "طرق إيجاد الثوابت داخل المعادلات المركبة",
              "url": "https://iframe.mediadelivery.net/embed/215061/094997e9-f9da-4457-80f0-b6e0094ebef5"
            },
            {
              "title": "📚 المحاضرة التاسعة (وزاريات إيجاد الثوابت X,Y)",
              "description": "أمثلة وزارية مهمة على الثوابت",
              "url": "https://iframe.mediadelivery.net/embed/215061/b3e837b9-084f-4008-b92f-8ee2cef84c82"
            },
            {
              "title": "📚 المحاضرة العاشرة (وزاريات إيجاد الثوابت X,Y - الجزء الثاني)",
              "description": "متابعة مسائل الوزاري المتقدمة",
              "url": "https://iframe.mediadelivery.net/embed/215061/d3b79625-a579-4ddb-a6f4-5ea410866f31"
            },
            {
              "title": "📚 المحاضرة الحادية عشر (وزاريات إيجاد الثوابت X,Y - الجزء الثالث)",
              "description": "الجزء الأخير من الوزاريات مع شرح تفصيلي",
              "url": "https://iframe.mediadelivery.net/embed/215061/ccdfa255-cd65-4ff2-89f5-057069c92456"
            }
          ]
        }
      ]
    },
    {
      "id": 1746651370580,
      "name": "سجاد العبيدي 2026",
      "subject": "مدرس مادة اللغة الانكليزية",
      "image": "https://i.imghippo.com/files/Aun4342CQ.png",
      "classes": [
        {
          "name": "الأساسيات",
          "lectures": [
            {
              "title": "📚 في اللغة الانجليزية (ed) إضافة",
              "description": "شرح استخدام ed مع الأفعال والأسماء",
              "url": "https://iframe.mediadelivery.net/embed/215061/fae0d70a-e4c7-46e0-a046-e8b52436e9fa"
            },
            {
              "title": "📚 في اللغة الانجليزية (ing) إضافة",
              "description": "استخدام ing ودلالاته",
              "url": "https://iframe.mediadelivery.net/embed/215061/1138f878-d8fa-4ed2-8228-f4c237b53d16"
            },
            {
              "title": "📚 الجمع في اللغة الانجليزية (s) إضافة",
              "description": "شرح قواعد الجمع واستخدام s",
              "url": "https://iframe.mediadelivery.net/embed/215061/5cb01382-c193-420f-a418-e6b10e0959d2"
            },
            {
              "title": "📚 (ed, ing) الصفات المنتهية ب",
              "description": "شرح الفرق بين الصفات المنتهية بـ ed و ing",
              "url": "https://iframe.mediadelivery.net/embed/215061/4473a98c-71c0-4586-aa98-ed529584f9b3"
            },
            {
              "title": "📚 (ful, fully) الكلمات المنتهية ب",
              "description": "شرح استخدام ful و fully في تكوين الصفات",
              "url": "https://iframe.mediadelivery.net/embed/215061/551c769b-a25b-4706-a689-82a1b77bd06e"
            }
          ]
        },
        {
          "name": "اليونت الأول",
          "lectures": [
            {
              "title": "📚 أدوات الربط",
              "description": "شرح أدوات الربط في اللغة الإنجليزية",
              "url": "https://iframe.mediadelivery.net/embed/215061/cce812a8-9008-44cf-a16e-00d7d82235a2"
            },
            {
              "title": "📚 اعلانات السجائر يجب أن تكون غير قانونية",
              "description": "موضوع كتابي تطبيقي لليونت الأول",
              "url": "https://iframe.mediadelivery.net/embed/215061/3954a176-e22e-477a-be35-f5c65c0d1d16"
            }
          ]
        }
      ]
    },
    {
      "id": 1746651481946,
      "name": "هاشم الغرباوي 2026",
      "subject": "مدرس مادة الكيمياء",
      "image": "https://i.imghippo.com/files/rfU8885UN.png",
      "classes": [
        {
          "name": "الأساسيات",
          "lectures": [
            {
              "title": "📚 أساسيات الكيمياء",
              "description": "مقدمة في المادة والبنية الكيميائية",
              "url": "https://iframe.mediadelivery.net/embed/215061/092c23a8-0cbe-44a6-a4b4-cefb20910478"
            },
            {
              "title": "📚 أساسيات الرياضيات",
              "description": "قواعد الرياضيات الداعمة للكيمياء",
              "url": "https://iframe.mediadelivery.net/embed/215061/916fe1c7-c230-4495-b525-c8a5bf9fbb41"
            }
          ]
        },
        {
          "name": "الفصل الأول: الثرموداينمك",
          "lectures": [
            {
              "title": "📚 الدرس الأول",
              "description": "مقدمة في الديناميكا الحرارية",
              "url": "https://iframe.mediadelivery.net/embed/215061/a5450272-34bf-47cd-8e63-4fbcbdd180f5"
            },
            {
              "title": "📚 الدرس الثاني",
              "description": "القوانين الأساسية للديناميكا",
              "url": "https://iframe.mediadelivery.net/embed/215061/6869ca33-4b1b-4bfd-9082-37096ed81aa7"
            },
            {
              "title": "📚 الدرس الثالث",
              "description": "التطبيقات على القانون الأول",
              "url": "https://iframe.mediadelivery.net/embed/215061/62027efe-1168-400f-b70c-5d15fdf75f70"
            },
            {
              "title": "📚 الدرس الرابع",
              "description": "المسائل الشائعة وحلولها",
              "url": "https://iframe.mediadelivery.net/embed/215061/fd9d7806-6e19-4aae-8039-182568c41dc5"
            },
            {
              "title": "📚 الدرس الخامس",
              "description": "القانون الثاني للديناميكا",
              "url": "https://iframe.mediadelivery.net/embed/215061/9304a327-2543-40b6-8edf-8772431b583a"
            },
            {
              "title": "📚 الدرس السادس",
              "description": "ادرس ولا تسخت رجاءً ياحلو",
              "url": "https://iframe.mediadelivery.net/embed/215061/0bcec746-94f4-4361-9ce2-265e64672493"
            },
            {
              "title": "📚 الدرس السابع",
              "description": "مفاهيم متقدمة حول الطاقة الداخلية",
              "url": "https://iframe.mediadelivery.net/embed/215061/d2711074-80bf-4670-ba69-dce58b289c82"
            },
            {
              "title": "📚 الدرس الثامن",
              "description": "شرح المتغيرات الديناميكية",
              "url": "https://iframe.mediadelivery.net/embed/215061/f4622f4d-2cf4-40ae-96e2-954bcbdfb242"
            },
            {
              "title": "📚 الدرس التاسع",
              "description": "الحرارة النوعية وتمارين تطبيقية",
              "url": "https://iframe.mediadelivery.net/embed/215061/1b47ad43-8b7f-419e-9e7e-5245fb2de6da"
            },
            {
              "title": "📚 الدرس العاشر",
              "description": "الأسئلة الوزارية وتحليلها",
              "url": "https://iframe.mediadelivery.net/embed/215061/b616633f-7255-4e29-aa6d-f0186e2bbd3b"
            }
          ]
        }
      ]
    },
    {
      "id": 1746651647110,
      "name": "علي السوداني 2026",
      "subject": "مدرس مادة الفيزياء",
      "image": "https://i.imghippo.com/files/tTv3116HA.png",
      "classes": [
        {
          "name": "الأساسيات",
          "lectures": [
            {
              "title": "📚 أساسيات الفيزياء",
              "description": "مقدمة عامة للمادة وأهم المبادئ",
              "url": "https://iframe.mediadelivery.net/embed/215061/583c5061-6c9e-4d79-b4c0-f4274fa4af84"
            },
            {
              "title": "📚 اساسيات الفيزياء (الجزء الثاني)",
              "description": "",
              "url": "https://iframe.mediadelivery.net/embed/215061/0290b143-5dae-4ad3-9af2-6af5b33da003"
            },
            {
              "title": "📚 أساسيات الفيزياء (الجزء الثالث)",
              "description": "",
              "url": "https://iframe.mediadelivery.net/embed/215061/156d9561-0cdf-45c4-85ca-118f490ec6f9"
            },
            {
              "title": "📚 الموصل الكروي",
              "description": "",
              "url": "https://iframe.mediadelivery.net/embed/215061/cb0aaac5-1614-4c41-a2b8-50d7463c9a68"
            }
          ]
        },
        {
          "name": "الفصل الأول: المتسعات",
          "lectures": [
            {
              "title": "📚 المتسعة وسعة المتسعة",
              "description": "",
              "url": "https://iframe.mediadelivery.net/embed/215061/e1bcbd27-d90a-4e9e-b930-5c41d4f89ba7"
            },
            {
              "title": "📚 المتسعة وسعة المتسعة (الجزء الثاني)",
              "description": "",
              "url": "https://iframe.mediadelivery.net/embed/215061/2b0c371f-0038-4d0e-a6c1-4f8ad98ebe96"
            },
            {
              "title": "📚 العازل الكهربائي",
              "description": "",
              "url": "https://iframe.mediadelivery.net/embed/215061/e2b3b8e7-e2a4-4029-8c03-f9db48b17431"
            },
            {
              "title": "📚 قوة العزل الكهربائي",
              "description": "",
              "url": "https://iframe.mediadelivery.net/embed/215061/15f473a2-6f45-447a-9771-43059321c296"
            },
            {
              "title": "📚 تجربة فاراداي",
              "description": "",
              "url": "https://iframe.mediadelivery.net/embed/215061/c97e68b9-e4ec-43fe-b105-88d5449061ed"
            },
            {
              "title": "📚 تأثير المساحة السطحية والبعد بين صفيحتين على المتسعة",
              "description": "",
              "url": "https://iframe.mediadelivery.net/embed/215061/b3e3b411-c003-4300-a1ae-98a4d1a75e4b"
            }
          ]
        }
      ]
    },
    {
      "id": 1746651781084,
      "name": "احمد النعيمي 2026",
      "subject": "مدرس مادة اللغة العربية",
      "image": "https://i.imghippo.com/files/Lglk7477vOg.png",
      "classes": [
        {
          "name": "الاساسيات",
          "lectures": [
            {
              "title": "محاضرة تعريفية",
              "description": "",
              "url": "https://iframe.mediadelivery.net/embed/215061/7550c67d-6ba9-450d-8bed-c7fc19b6b69b"
            },
            {
              "title": "مخطط المحاضرة الأولى",
              "description": "",
              "url": "https://iframe.mediadelivery.net/embed/215061/d97a2215-e814-4de9-81eb-89a223aab559"
            },
            {
              "title": "المحاضرة الأولى",
              "description": "",
              "url": "https://iframe.mediadelivery.net/embed/215061/57d3660a-f5a9-4083-84c8-3bdc1fcebc55"
            },
            {
              "title": "مخطط المحاضرة الثانية",
              "description": "",
              "url": "https://iframe.mediadelivery.net/embed/215061/dabf8581-5b43-4253-8b00-393a9c2e5e23"
            },
            {
              "title": "شرح المحاضرة الثانية",
              "description": "",
              "url": "https://iframe.mediadelivery.net/embed/215061/aee74655-0c7d-4333-8d3c-3e743a955537"
            },
            {
              "title": "مخطط المحاضرة الثالثة",
              "description": "",
              "url": "https://iframe.mediadelivery.net/embed/215061/8f2d121b-d686-40cf-be23-f3e8a371cbae"
            },
            {
              "title": "شرح المحاضرة الثالثة",
              "description": "",
              "url": "https://iframe.mediadelivery.net/embed/215061/8c95e867-241d-47b1-ac11-52e5d80947b8"
            },
            {
              "title": "مخطط المحاضرة الرابعة",
              "description": "",
              "url": "https://iframe.mediadelivery.net/embed/215061/52fb6ea2-7561-4305-bb8f-6df7a12c04cb"
            },
            {
              "title": "شرح المحاضرة الرابعة",
              "description": "",
              "url": "https://iframe.mediadelivery.net/embed/215061/36d002b5-d2ca-4a39-8475-dd41dc01b1c0"
            }
          ]
        },
        {
          "name": "أسلوب الاستفهام",
          "lectures": [
            {
              "title": "محاضرة تعريفية عن أسلوب الاستفهام",
              "description": "",
              "url": "https://iframe.mediadelivery.net/embed/215061/905f1510-b8a7-4ebe-89af-77dec8ab5049"
            },
            {
              "title": "محاضرة جديدة",
              "description": "وصف المحاضرة",
              "url": ""
            }
          ]
        },
        {
          "name": "الادب الحديث: الفصل الدراسي الاول",
          "lectures": [
            {
              "title": "محاضرة تعريفية",
              "description": "",
              "url": "https://iframe.mediadelivery.net/embed/215061/69825c11-7c85-46af-9c01-1ebc227405d3"
            },
            {
              "title": "المحاضرة الأولى (ج١)",
              "description": "",
              "url": "https://iframe.mediadelivery.net/embed/215061/bf44a418-ccc3-4bd0-b0b9-b4a27838a9df"
            },
            {
              "title": "المحاضرة الأولى (ج٢)",
              "description": "",
              "url": "https://iframe.mediadelivery.net/embed/215061/ef4f08f1-b1f4-4ff6-89e5-ea9cab85f378"
            },
            {
              "title": "المحاضرة الثانية (ج١)",
              "description": "",
              "url": "https://iframe.mediadelivery.net/embed/215061/a671a241-4e31-4efe-98e0-212f0c842186"
            },
            {
              "title": "المحاضرة الثانية (ج٢)",
              "description": "",
              "url": "https://iframe.mediadelivery.net/embed/215061/f69bc0e6-2c20-449e-84f0-524c2848aebe"
            },
            {
              "title": "المحاضرة الثانية (ج٣)",
              "description": "",
              "url": "https://iframe.mediadelivery.net/embed/215061/a06dbfc0-a57f-4d88-8c09-9182fe1d0fb0"
            },
            {
              "title": "المحاضرة الثالثة (ج١)",
              "description": "",
              "url": "https://iframe.mediadelivery.net/embed/215061/720d9010-4ece-476f-91cf-a418bf9e693f"
            },
            {
              "title": "المحاضرة الثالثة (ج٢)",
              "description": "",
              "url": "https://iframe.mediadelivery.net/embed/215061/bdaf3fbf-18a2-44b3-8c28-29c6d015d794"
            }
          ]
        }
      ]
    },
    {
      "id": 1747133979226,
      "name": "ساجد العكيلي 2026",
      "subject": "مدرس مادة الاسلامية",
      "image": "https://i.imghippo.com/files/hqh6671WE.png",
      "classes": []
    },
    {
      "id": 1747134235630,
      "name": "رفل الزبيدي 2026",
      "subject": "مدرسة مادة اللغة العربية",
      "image": "https://i.imghippo.com/files/hPw3166zWM.png",
      "classes": [
        {
          "name": "الاساسيات",
          "lectures": [
            {
              "title": "أساسيات اللغة العربية (الجزء الأول)",
              "description": "",
              "url": "https://iframe.mediadelivery.net/embed/215061/2414378d-0a9b-4de1-88d2-7279dacac70b"
            },
            {
              "title": "أساسيات اللغة العربية (الجزء الثاني)",
              "description": "",
              "url": "https://iframe.mediadelivery.net/embed/215061/2eec9771-a153-4fec-ad1c-73536702b9df"
            },
            {
              "title": "أساسيات اللغة العربية (الجزء الثالث)",
              "description": "",
              "url": "https://iframe.mediadelivery.net/embed/215061/02923885-9386-4ac3-bc44-fbf527407006"
            },
            {
              "title": "امتحان الأساسيات التفاعلي (الجزء الاول)",
              "description": "",
              "url": "https://iframe.mediadelivery.net/embed/215061/59e2edde-97ec-4f01-9143-c26f42642321"
            },
            {
              "title": "أساسيات اللغة العربية (الجزء الرابع)",
              "description": "",
              "url": "https://iframe.mediadelivery.net/embed/215061/03c0c583-26db-48c2-9ef6-5a353471fe54"
            },
            {
              "title": "أساسيات اللغة العربية (الجزء الخامس)",
              "description": "",
              "url": "https://iframe.mediadelivery.net/embed/215061/66660390-3cac-4582-bf2b-90eb62719a03"
            }
          ]
        },
        {
          "name": "الاستفهام 2026 😍",
          "lectures": [
            {
              "title": "اسلوب الاستفهام تعريفه وأنواعه و الاستفهام التصديقي",
              "description": "",
              "url": "https://iframe.mediadelivery.net/embed/215061/81bbefa8-4140-4813-a7ad-4cde88757689"
            },
            {
              "title": "الاستفهام التصوري",
              "description": "ادرس ولك عوف النت والموبايل 😡",
              "url": "https://iframe.mediadelivery.net/embed/215061/6757a3de-75d2-4d8d-8aea-d1b4b6d886d0"
            },
            {
              "title": "همزة التسوية وأنواع أم",
              "description": "",
              "url": "https://iframe.mediadelivery.net/embed/215061/d02d4f2c-34f8-4e43-80af-57d13be84b75"
            },
            {
              "title": "تحويل الاستفهام من نوع لآخر",
              "description": "",
              "url": "https://iframe.mediadelivery.net/embed/215061/a1462667-ef76-4f81-8804-d0452ed746f1"
            }
          ]
        }
      ]
    },
    {
      "id": 1747135061704,
      "name": "عباس الدراجي 2026",
      "subject": "مدرس مادة الرياضيات",
      "image": "https://i.imghippo.com/files/kzD1443ZI.png",
      "classes": [
        {
          "name": "الاساسيات",
          "lectures": [
            {
              "title": "محاضرة 1",
              "description": "وصف المحاضرة",
              "url": "https://vz-99e5c202-ca5.b-cdn.net/bd049c3e-6a1e-46e4-860c-1c073720d48f/1080p/video.m3u8"
            }
          ]
        }
      ]
    },
    {
      "id": 1747135115898,
      "name": "مهند السوداني 2026",
      "subject": "مدرس مادة الكيمياء",
      "image": "https://i.imghippo.com/files/aBBk4164FCo.png",
      "classes": [
        {
          "name": "الاساسيات",
          "lectures": [
            {
              "title": "محاضرة 1",
              "description": "وصف المحاضرة",
              "url": "https://vz-99e5c202-ca5.b-cdn.net/e2684c45-e39e-487b-b885-38128feb9632/1080p/video.m3u8"
            }
          ]
        }
      ]
    },
    {
      "id": 1747135191495,
      "name": "نورس الموسوي 2026",
      "subject": "مدرس مادة الاحياء",
      "image": "https://i.imghippo.com/files/HUbF1949qcc.png",
      "classes": [
        {
          "name": "المقدمة",
          "lectures": [
            {
              "title": "محاضرة تعريفية",
              "description": "وصف المحاضرة",
              "url": "https://iframe.mediadelivery.net/embed/215061/caadbdff-8861-4ac2-9bff-083dfe171752"
            },
            {
              "title": "تقسيمات منهج الاحياء",
              "description": "وصف المحاضرة",
              "url": "https://iframe.mediadelivery.net/embed/215061/d2873133-0933-402f-86bf-17125efbdf3b"
            }
          ]
        },
        {
          "name": "الفصل الاول: الخلية",
          "lectures": [
            {
              "title": "محاضرة 1",
              "description": "وصف المحاضرة",
              "url": "https://iframe.mediadelivery.net/embed/215061/4a8313b5-f032-4868-bb91-df3202078817"
            },
            {
              "title": "محاضرة 2",
              "description": "وصف المحاضرة",
              "url": "https://iframe.mediadelivery.net/embed/215061/0b33b9e6-0263-4d8f-b536-f757cc81b28d"
            },
            {
              "title": "محاضرة 3",
              "description": "وصف المحاضرة",
              "url": "https://iframe.mediadelivery.net/embed/215061/f70fc1b9-3f9f-4969-8148-fb5f3c17d23d"
            },
            {
              "title": "محاضرة 4",
              "description": "",
              "url": "https://iframe.mediadelivery.net/embed/215061/4b2e558d-4af8-4a5d-8b3f-079f6d2d80cd"
            },
            {
              "title": "محاضرة 5",
              "description": "وصف المحاضرة",
              "url": "https://iframe.mediadelivery.net/embed/215061/948050ca-80ff-4ca8-810f-6be415e07535"
            },
            {
              "title": "محاضرة 6",
              "description": "وصف المحاضرة",
              "url": "https://iframe.mediadelivery.net/embed/215061/063095f6-8ba8-4b01-bf50-fc9f41aa20f9"
            },
            {
              "title": "محاضرة 7",
              "description": "",
              "url": "https://iframe.mediadelivery.net/embed/215061/24fd982b-eb63-480e-bf83-9a77a4fcdb86"
            },
            {
              "title": "محاضرة 8",
              "description": "وصف المحاضرة",
              "url": "https://iframe.mediadelivery.net/embed/215061/266101a5-a1c9-403d-b328-6c67fc7b18ac"
            },
            {
              "title": "المحاضرة 9",
              "description": "وصف المحاضرة",
              "url": "https://iframe.mediadelivery.net/embed/215061/e5724825-cd33-4ad6-b9f2-c80bd955076a"
            },
            {
              "title": "المحاضرة 10",
              "description": "وصف المحاضرة",
              "url": "https://iframe.mediadelivery.net/embed/215061/0d2dba87-5a64-40e6-bfb5-9cffb3e4003b"
            }
          ]
        }
      ]
    },
    {
      "id": 1747135226477,
      "name": "جعفر الحسني 2026",
      "subject": "مدرس مادة الاحياء",
      "image": "https://i.imghippo.com/files/ldb8832v.png",
      "classes": []
    },
    {
      "id": 1747135309060,
      "name": "محمد العنزي 2026",
      "subject": "مدرس مادة الاحياء",
      "image": "https://i.imghippo.com/files/JI4962L.png",
      "classes": [
        {
          "name": "الفصل الاول: الخلية",
          "lectures": [
            {
              "title": "محاضرة 1",
              "description": "وصف المحاضرة",
              "url": "https://vz-99e5c202-ca5.b-cdn.net/a61f4f3e-30f4-45e8-bb4b-06c70370f55a/1080p/video.m3u8"
            },
            {
              "title": "محاضرة 2",
              "description": "وصف المحاضرة",
              "url": "https://vz-99e5c202-ca5.b-cdn.net/ea246c9f-0114-4d3e-be49-285e42de6b8b/1080p/video.m3u8"
            },
            {
              "title": "محاضرة 3",
              "description": "وصف المحاضرة",
              "url": "https://vz-99e5c202-ca5.b-cdn.net/a71542ed-492e-485f-baed-595f05d38a36/1080p/video.m3u8"
            },
            {
              "title": "محاضرة 4",
              "description": "وصف المحاضرة",
              "url": "https://vz-99e5c202-ca5.b-cdn.net/f34df3d5-d3bb-49b7-a65c-04dcbc5fdd61/1080p/video.m3u8"
            }
          ]
        },
        {
          "name": "ملخصات الفصل الاول",
          "lectures": [
            {
              "title": "محاضرة 1",
              "description": "وصف المحاضرة",
              "url": "https://vz-99e5c202-ca5.b-cdn.net/551bfacd-7195-4c17-8f3d-dfcb03e88311/1080p/video.m3u8"
            },
            {
              "title": "محاضرة 2",
              "description": "وصف المحاضرة",
              "url": "https://vz-99e5c202-ca5.b-cdn.net/b73dc4ec-86bc-4ced-b180-c3ab302710e4/1080p/video.m3u8"
            },
            {
              "title": "محاضرة 3",
              "description": "وصف المحاضرة",
              "url": "https://vz-99e5c202-ca5.b-cdn.net/2e499328-fbb5-42b6-ba00-4e95c2a267d7/1080p/video.m3u8"
            },
            {
              "title": "محاضرة 4",
              "description": "وصف المحاضرة",
              "url": "https://vz-99e5c202-ca5.b-cdn.net/5db0861d-2245-4105-b5a3-7c748db4c7ab/1080p/video.m3u8"
            }
          ]
        },
        {
          "name": "رسومات الفصل الاول",
          "lectures": [
            {
              "title": "رسم البكتريا",
              "description": "وصف المحاضرة",
              "url": "https://vz-99e5c202-ca5.b-cdn.net/1f1510ee-1f01-40e8-9c28-f7dd05dfb96d/1080p/video.m3u8"
            },
            {
              "title": "رسم الغشاء البلازمي",
              "description": "وصف المحاضرة",
              "url": "https://vz-99e5c202-ca5.b-cdn.net/d6fec5f3-27f9-4b4e-ae4d-89d07ff753c4/1080p/video.m3u8"
            }
          ]
        }
      ]
    },
    {
      "id": 1747135348651,
      "name": "ازل سلوان 2026",
      "subject": "مدرسة مادة اللغة الانكليزية",
      "image": "https://i.imghippo.com/files/Oqq6237UAM.png",
      "classes": [
        {
          "name": "الاساسيات",
          "lectures": [
            {
              "title": "محاضرة 1",
              "description": "وصف المحاضرة",
              "url": "https://vz-99e5c202-ca5.b-cdn.net/948fe702-a077-4b44-a9bb-263b4e69593a/1080p/video.m3u8"
            },
            {
              "title": "محاضرة 2",
              "description": "وصف المحاضرة",
              "url": "https://vz-99e5c202-ca5.b-cdn.net/dc35c551-71d0-47b4-8ad9-acf162b42fde/1080p/video.m3u8"
            },
            {
              "title": "محاضرة 3",
              "description": "وصف المحاضرة",
              "url": "https://vz-99e5c202-ca5.b-cdn.net/a7ad9252-934f-440e-ae81-b721f5965c06/1080p/video.m3u8"
            },
            {
              "title": "محاضرة 4",
              "description": "وصف المحاضرة",
              "url": "https://vz-99e5c202-ca5.b-cdn.net/0d17ee36-155d-4028-9018-b4a8369ed0a6/1080p/video.m3u8"
            }
          ]
        },
        {
          "name": "اليونت الاول",
          "lectures": [
            {
              "title": "محاضرة 1",
              "description": "وصف المحاضرة",
              "url": "https://vz-99e5c202-ca5.b-cdn.net/cd9d2db3-8b4e-4768-89e8-db49d6f084b5/1080p/video.m3u8"
            },
            {
              "title": "محاضرة 2",
              "description": "وصف المحاضرة",
              "url": "https://vz-99e5c202-ca5.b-cdn.net/c231cef1-ba04-4144-b132-fcdf372e7008/1080p/video.m3u8"
            }
          ]
        }
      ]
    },
    {
      "id": 1747248287872,
      "name": "يوسف الربيعي 2026",
      "subject": "مدرس مادة الكيمياء",
      "image": "https://i.imghippo.com/files/n8168Cdg.png",
      "classes": [
        {
          "name": "الفصل الاول: الثرموداينمك",
          "lectures": [
            {
              "title": "محاضرة 1",
              "description": "وصف المحاضرة",
              "url": "https://vz-99e5c202-ca5.b-cdn.net/9896e8e3-1eb4-4493-993b-689b3722595d/1080p/video.m3u8"
            }
          ]
        }
      ]
    },
    {
      "id": 1747248378740,
      "name": "احمد الجاف 2026",
      "subject": "مدرس مادة الاحياء",
      "image": "https://i.imghippo.com/files/TKul9013ZGI.png",
      "classes": [
        {
          "name": "الفصل الاول: الخلية",
          "lectures": [
            {
              "title": "محاضرة 1",
              "description": "وصف المحاضرة",
              "url": "https://vz-99e5c202-ca5.b-cdn.net/c1c9da16-963b-4d4d-bfb4-c45203b5f8cd/1080p/video.m3u8"
            },
            {
              "title": "محاضرة 2",
              "description": "وصف المحاضرة",
              "url": "https://vz-99e5c202-ca5.b-cdn.net/03a7118b-dc49-43f5-920c-9c78ff38e9d7/1080p/video.m3u8"
            },
            {
              "title": "محاضرة 3",
              "description": "وصف المحاضرة",
              "url": "https://vz-99e5c202-ca5.b-cdn.net/eb747dcb-c3d6-4081-92e2-fabf980494dd/1080p/video.m3u8"
            },
            {
              "title": "محاضرة 4",
              "description": "وصف المحاضرة",
              "url": "https://vz-99e5c202-ca5.b-cdn.net/0ef32cb8-9733-44c2-8291-4ea9d4b0c9fd/1080p/video.m3u8"
            },
            {
              "title": "محاضرة 5",
              "description": "وصف المحاضرة",
              "url": "https://vz-99e5c202-ca5.b-cdn.net/7a9311ab-cf4f-465a-8ade-d930f78ee19f/1080p/video.m3u8"
            },
            {
              "title": "محاضرة 6",
              "description": "وصف المحاضرة",
              "url": "https://vz-99e5c202-ca5.b-cdn.net/1b8f53a5-75d0-4e3e-9bce-1a6c6b3e8911/1080p/video.m3u8"
            },
            {
              "title": "محاضرة 7",
              "description": "وصف المحاضرة",
              "url": "https://vz-99e5c202-ca5.b-cdn.net/0b698ad4-765d-4612-9c4e-eb103e817c16/1080p/video.m3u8"
            },
            {
              "title": "محاضرة 8",
              "description": "وصف المحاضرة",
              "url": "https://vz-99e5c202-ca5.b-cdn.net/a86f7fe0-eebd-47cf-ad6a-a560394b4d86/1080p/video.m3u8"
            }
          ]
        }
      ]
    },
    {
      "id": 1747248446817,
      "name": "حسن عبدالكاظم 2026",
      "subject": "مدرس مادة الفيزياء",
      "image": "https://i.imghippo.com/files/moXE3049umw.png",
      "classes": [
        {
          "name": "الفصل الاول: المتسعات",
          "lectures": [
            {
              "title": "محاضرة 1",
              "description": "وصف المحاضرة",
              "url": "https://vz-99e5c202-ca5.b-cdn.net/25d2a253-f759-4e3c-9d54-1b8988bdb2d1/1080p/video.m3u8"
            },
            {
              "title": "محاضرة 2",
              "description": "وصف المحاضرة",
              "url": "https://vz-99e5c202-ca5.b-cdn.net/d487b539-8389-49c4-a756-0e0b731ce417/1080p/video.m3u8"
            },
            {
              "title": "محاضرة 3",
              "description": "وصف المحاضرة",
              "url": "https://vz-99e5c202-ca5.b-cdn.net/54ecc6ca-b7e3-4b08-a4fc-e2e76dbdff37/1080p/video.m3u8"
            }
          ]
        }
      ]
    },
    {
      "id": 1747248538708,
      "name": "محمد قاسم 2026",
      "subject": "مدرس مادة الرياضيات",
      "image": "https://i.imghippo.com/files/kB9153hs.png",
      "classes": []
    },
    {
      "id": 1747248598702,
      "name": "كرار محمود 2026",
      "subject": "مدرس مادة الاسلامية",
      "image": "https://i.imghippo.com/files/EeS9083yE.png",
      "classes": []
    },
    {
      "id": 1747551898072,
      "name": "هشام المعموري 2026",
      "subject": "مدرس مادة اللغة العربية",
      "image": "https://i.imghippo.com/files/eVG7803isI.png",
      "classes": [
        {
          "name": "الاساسيات",
          "lectures": [
            {
              "title": "محاضرة 1",
              "description": "وصف المحاضرة",
              "url": "https://vz-99e5c202-ca5.b-cdn.net/54cbcb8a-12db-4895-b44b-3f0f82e3ec12/1080p/video.m3u8"
            },
            {
              "title": "محاضرة 2",
              "description": "وصف المحاضرة",
              "url": "https://vz-99e5c202-ca5.b-cdn.net/8c2d5271-85be-4618-af61-1c08dd057076/1080p/video.m3u8"
            },
            {
              "title": "محاضرة 3",
              "description": "وصف المحاضرة",
              "url": "https://vz-99e5c202-ca5.b-cdn.net/bde728cf-be21-4fa5-986d-8f920be941d0/1080p/video.m3u8"
            },
            {
              "title": "محاضرة 4",
              "description": "وصف المحاضرة",
              "url": "https://vz-99e5c202-ca5.b-cdn.net/9cce2e3f-02db-4c2a-bc86-5de6ae9b737f/1080p/video.m3u8"
            },
            {
              "title": "محاضرة 5",
              "description": "وصف المحاضرة",
              "url": "https://vz-99e5c202-ca5.b-cdn.net/5be7c60e-72d7-4889-b9cc-00b5eb0c4925/1080p/video.m3u8"
            },
            {
              "title": "محاضرة 6",
              "description": "وصف المحاضرة",
              "url": "https://vz-99e5c202-ca5.b-cdn.net/e6af4501-07a4-4793-8514-77589bde9817/1080p/video.m3u8"
            },
            {
              "title": "محاضرة 7",
              "description": "وصف المحاضرة",
              "url": "https://vz-99e5c202-ca5.b-cdn.net/5e687bfc-3ed6-4e9a-96ea-1f697172ae3e/1080p/video.m3u8"
            },
            {
              "title": "محاضرة 8",
              "description": "وصف المحاضرة",
              "url": "https://vz-99e5c202-ca5.b-cdn.net/1128dacd-ab91-4c37-8516-ba3c27ef6333/1080p/video.m3u8"
            },
            {
              "title": "محاضرة 9",
              "description": "وصف المحاضرة",
              "url": "https://vz-99e5c202-ca5.b-cdn.net/4bcff57b-208f-4998-888e-32450ca6fecc/1080p/video.m3u8"
            },
            {
              "title": "محاضرة 10",
              "description": "وصف المحاضرة",
              "url": "https://vz-99e5c202-ca5.b-cdn.net/27d1c2fc-aea2-4805-9058-8e95d44a9859/1080p/video.m3u8"
            },
            {
              "title": "محاضرة 11",
              "description": "وصف المحاضرة",
              "url": "https://vz-99e5c202-ca5.b-cdn.net/0e88b3de-f003-4963-ac0a-7411c933dc1f/1080p/video.m3u8"
            }
          ]
        },
        {
          "name": "موضوع الاستفهام",
          "lectures": [
            {
              "title": "المحاضرة 1",
              "description": "تعريف ومقدمة عن الاستفهام ",
              "url": "https://vz-99e5c202-ca5.b-cdn.net/e774c265-4a30-4b72-bc9a-97689fd61b9a/720p/video.m3u8"
            },
            {
              "title": "المحاضرة 2",
              "description": "دلالات اسماء الاستفهام الجزء الاول",
              "url": "https://vz-99e5c202-ca5.b-cdn.net/f1a5241b-45a3-4e20-99a5-04ea44fb8d8b/720p/video.m3u8"
            }
          ]
        }
      ]
    }
  ]
}